{
  "mode": "standardization_arcsinh",
  "eps": 1e-05,
  "mean": [
    1.235379695892334,
    68.50457763671875,
    189.19708251953125,
    1.3728477954864502,
    1017.3467407226562,
    16.22015380859375,
    10.308213233947754,
    22.382221221923828,
    1.795290470123291,
    0.26826760172843933,
    0.24902696907520294,
    190.884521484375,
    -0.09582201391458511,
    -0.18650226294994354,
    0.055298734456300735,
    0.029184861108660698,
    0.008840296417474747,
    -0.0034884787164628506,
    0.4616835415363312
  ],
  "var": [
    2.2104339599609375,
    222.2556915283203,
    6925.52392578125,
    16.39491844177246,
    48.44643783569336,
    39.26667022705078,
    32.51039505004883,
    51.75421142578125,
    86.35232543945312,
    10.23436164855957,
    3.5471343994140625,
    8675.607421875,
    0.47622570395469666,
    0.47980934381484985,
    0.49355992674827576,
    0.5025303959846497,
    0.5005476474761963,
    0.499362051486969,
    0.032147858291864395
  ],
  "min_value": null,
  "max_value": null,
  "target_mean": [
    0.4576151724725356
  ],
  "target_var": [
    0.03174307942390442
  ],
  "target_min_value": null,
  "target_max_value": null
}